Period,Org Code,Parent Org,Org name,A&E attendances Type 1,A&E attendances Type 2,A&E attendances Other A&E Department,A&E attendances Booked Appointments Type 1,A&E attendances Booked Appointments Type 2,A&E attendances Booked Appointments Other Department,Attendances over 4hrs Type 1,Attendances over 4hrs Type 2,Attendances over 4hrs Other Department,Attendances over 4hrs Booked Appointments Type 1,Attendances over 4hrs Booked Appointments Type 2,Attendances over 4hrs Booked Appointments Other Department,Patients who have waited 4-12 hs from DTA to admission,Patients who have waited 12+ hrs from DTA to admission,Emergency admissions via A&E - Type 1,Emergency admissions via A&E - Type 2,Emergency admissions via A&E - Other A&E department,Other emergency admissions
MSitAE-SEPTEMBER-2023,AAH,NHS ENGLAND SOUTH WEST ,TETBURY HOSPITAL TRUST LTD,0,0,421,0,0,0,0,0,1,0,0,0,0,0,0,0,0,0
MSitAE-SEPTEMBER-2023,RW1,NHS ENGLAND SOUTH EAST ,SOUTHERN HEALTH NHS FOUNDATION TRUST,0,0,2914,0,0,0,0,0,28,0,0,0,0,0,0,0,2,137
MSitAE-SEPTEMBER-2023,Y00751,NHS ENGLAND SOUTH EAST ,EAST BERKS PRIMARY CARE OOH(WAM),0,0,0,0,0,0,0,0,0,0,0,0,0,0,0,0,0,0
MSitAE-SEPTEMBER-2023,8J094,NHS ENGLAND MIDLANDS ,BADGER LTD,0,0,0,0,0,2065,0,0,0,0,0,0,0,0,0,0,0,0
MSitAE-SEPTEMBER-2023,AJN,NHS ENGLAND NORTH EAST AND YORKSHIRE ,WORKINGTON HEALTH LIMITED,0,0,475,0,0,0,0,0,0,0,0,0,0,0,0,0,0,0
MSitAE-SEPTEMBER-2023,C83023,NHS ENGLAND MIDLANDS ,SLEAFORD MEDICAL GROUP,0,0,524,0,0,0,0,0,0,0,0,0,0,0,0,0,0,4
MSitAE-SEPTEMBER-2023,NL7,NHS ENGLAND MIDLANDS ,ASSURA VERTIS URGENT CARE CENTRES (BIRMINGHAM),0,0,4534,0,0,0,0,0,0,0,0,0,0,0,0,0,0,0
MSitAE-SEPTEMBER-2023,NQT51,NHS ENGLAND SOUTH EAST ,STATION PLAZA HEALTH CENTRE,0,0,1443,0,0,0,0,0,0,0,0,0,0,0,0,0,0,0
MSitAE-SEPTEMBER-2023,NQT5F,NHS ENGLAND NORTH WEST ,SKELMERSDALE WALK IN CENTRE,0,0,1931,0,0,0,0,0,19,0,0,0,0,0,0,0,0,0
MSitAE-SEPTEMBER-2023,NQT5H,NHS ENGLAND SOUTH WEST ,PAULTON MEMORIAL HOSPITAL,0,0,920,0,0,0,0,0,14,0,0,0,0,0,0,0,0,0
MSitAE-SEPTEMBER-2023,RDU,NHS ENGLAND SOUTH EAST ,FRIMLEY HEALTH NHS FOUNDATION TRUST,21200,0,0,0,0,0,8634,0,0,0,0,0,1834,0,5735,0,0,296
MSitAE-SEPTEMBER-2023,RV9,NHS ENGLAND NORTH EAST AND YORKSHIRE ,HUMBER TEACHING NHS FOUNDATION TRUST,0,0,1078,0,0,43,0,0,1,0,0,0,0,0,0,0,0,0
MSitAE-SEPTEMBER-2023,RXL,NHS ENGLAND NORTH WEST ,BLACKPOOL TEACHING HOSPITALS NHS FOUNDATION TRUST,8634,0,10754,186,0,220,4255,0,22,48,0,0,751,774,2620,0,0,1570
MSitAE-SEPTEMBER-2023,RY5,NHS ENGLAND MIDLANDS ,LINCOLNSHIRE COMMUNITY HEALTH SERVICES NHS TRUST,0,0,8731,0,0,0,0,0,373,0,0,0,0,0,0,0,0,0
MSitAE-SEPTEMBER-2023,RY8,NHS ENGLAND MIDLANDS ,DERBYSHIRE COMMUNITY HEALTH SERVICES NHS FOUNDATION TRUST,0,0,7087,0,0,1545,0,0,4,0,0,0,0,0,0,0,0,0
MSitAE-SEPTEMBER-2023,Y02428,NHS ENGLAND EAST OF ENGLAND ,PUTNOE WALK IN CENTRE,0,0,2120,0,0,0,0,0,0,0,0,0,0,0,0,0,0,0
MSitAE-SEPTEMBER-2023,Y02615,NHS ENGLAND MIDLANDS ,SOUTH BIRMINGHAM GP WALK IN CENTRE,0,0,6316,0,0,0,0,0,0,0,0,0,0,0,0,0,0,0
MSitAE-SEPTEMBER-2023,Y03007,NHS ENGLAND MIDLANDS ,ERDINGTON GP HEALTH & WELLBEING WIC,0,0,0,0,0,1818,0,0,0,0,0,0,0,0,0,0,0,0
MSitAE-SEPTEMBER-2023,Y04538,NHS ENGLAND SOUTH EAST ,BRACKNELL URGENT CARE CENTRE WIC,0,0,3612,0,0,0,0,0,0,0,0,0,0,0,0,0,0,0
MSitAE-SEPTEMBER-2023,DD401,NHS ENGLAND SOUTH WEST ,EXMOUTH MINOR INJURY UNIT,0,0,1061,0,0,0,0,0,0,0,0,0,0,0,0,0,0,0
MSitAE-SEPTEMBER-2023,NQTE4,NHS ENGLAND MIDLANDS ,SUMMERFIELD URGENT CARE CENTRE,0,0,3606,0,0,0,0,0,0,0,0,0,0,0,0,0,0,0
MSitAE-SEPTEMBER-2023,RGP,NHS ENGLAND EAST OF ENGLAND ,JAMES PAGET UNIVERSITY HOSPITALS NHS FOUNDATION TRUST,6583,0,1220,116,0,0,2615,0,0,37,0,0,577,307,1563,0,0,444
MSitAE-SEPTEMBER-2023,RJ8,NHS ENGLAND SOUTH WEST ,CORNWALL PARTNERSHIP NHS FOUNDATION TRUST,0,0,0,0,0,0,0,0,0,0,0,0,0,0,0,0,17,61
MSitAE-SEPTEMBER-2023,RJC,NHS ENGLAND MIDLANDS ,SOUTH WARWICKSHIRE UNIVERSITY NHS FOUNDATION TRUST,7630,0,349,27,0,0,2199,0,0,0,0,0,247,17,2094,0,0,728
MSitAE-SEPTEMBER-2023,RWY,NHS ENGLAND NORTH EAST AND YORKSHIRE ,CALDERDALE AND HUDDERSFIELD NHS FOUNDATION TRUST,15152,0,0,0,0,0,4802,0,0,0,0,0,1099,2,2975,0,0,786
MSitAE-SEPTEMBER-2023,Y03571,NHS ENGLAND MIDLANDS ,CORBY URGENT CARE CENTRE,0,0,7618,0,0,485,0,0,65,0,0,0,0,0,0,0,0,0
MSitAE-SEPTEMBER-2023,ACH01,NHS ENGLAND SOUTH EAST ,WHITSTABLE MEDICAL PRACTICE,0,0,4816,0,0,0,0,0,0,0,0,0,0,0,0,0,0,0
MSitAE-SEPTEMBER-2023,RBQ,NHS ENGLAND NORTH WEST ,LIVERPOOL HEART AND CHEST HOSPITAL NHS FOUNDATION TRUST,0,0,0,0,0,0,0,0,0,0,0,0,0,0,0,0,0,163
MSitAE-SEPTEMBER-2023,RET,NHS ENGLAND NORTH WEST ,THE WALTON CENTRE NHS FOUNDATION TRUST,0,0,0,0,0,0,0,0,0,0,0,0,0,0,0,0,0,162
MSitAE-SEPTEMBER-2023,RFF,NHS ENGLAND NORTH EAST AND YORKSHIRE ,BARNSLEY HOSPITAL NHS FOUNDATION TRUST,8314,0,0,375,0,0,2910,0,0,0,0,0,300,0,2569,0,0,504
MSitAE-SEPTEMBER-2023,RY4,NHS ENGLAND EAST OF ENGLAND ,HERTFORDSHIRE COMMUNITY NHS TRUST,0,0,1045,0,0,0,0,0,71,0,0,0,0,0,0,0,0,0
MSitAE-SEPTEMBER-2023,RY7,NHS ENGLAND NORTH WEST ,WIRRAL COMMUNITY HEALTH AND CARE NHS FOUNDATION TRUST,0,0,4640,0,0,0,0,0,187,0,0,0,0,0,0,0,0,0
MSitAE-SEPTEMBER-2023,C82038,NHS ENGLAND MIDLANDS ,LATHAM HOUSE MEDICAL PRACTICE,0,0,389,0,0,0,0,0,0,0,0,0,0,0,0,0,0,0
MSitAE-SEPTEMBER-2023,NTPAD,NHS ENGLAND SOUTH EAST ,PRACTICE PLUS GROUP SURGICAL CENTRE - ST MARYS PORTSMOUTH,0,0,5440,0,0,229,0,0,175,0,0,4,0,0,0,0,0,0
MSitAE-SEPTEMBER-2023,NTV0B,NHS ENGLAND SOUTH EAST ,ASHFORD WALK-IN-CENTRE,0,0,2441,0,0,0,0,0,85,0,0,0,0,0,0,0,0,0
MSitAE-SEPTEMBER-2023,NTV0W,NHS ENGLAND SOUTH EAST ,WOKING WALK IN CENTRE,0,0,2727,0,0,0,0,0,221,0,0,0,0,0,0,0,0,0
MSitAE-SEPTEMBER-2023,R1D,NHS ENGLAND MIDLANDS ,SHROPSHIRE COMMUNITY HEALTH NHS TRUST,0,0,3407,0,0,0,0,0,33,0,0,0,0,0,0,0,0,1
MSitAE-SEPTEMBER-2023,RW4,NHS ENGLAND NORTH WEST ,MERSEY CARE NHS FOUNDATION TRUST,0,0,11616,0,0,0,0,0,1266,0,0,0,0,0,0,0,0,70
MSitAE-SEPTEMBER-2023,RWA,NHS ENGLAND NORTH EAST AND YORKSHIRE ,HULL UNIVERSITY TEACHING HOSPITALS NHS TRUST,10788,0,0,0,0,0,5254,0,0,0,0,0,1018,244,3384,0,0,1706
MSitAE-SEPTEMBER-2023,RXF,NHS ENGLAND NORTH EAST AND YORKSHIRE ,MID YORKSHIRE TEACHING NHS TRUST,16682,0,6297,120,0,14,6482,0,185,8,0,0,1974,18,3520,0,163,904
MSitAE-SEPTEMBER-2023,RYF,NHS ENGLAND SOUTH WEST ,SOUTH WESTERN AMBULANCE SERVICE NHS FOUNDATION TRUST,0,0,1415,0,0,0,0,0,177,0,0,0,0,0,0,0,0,0
MSitAE-SEPTEMBER-2023,NTP11,NHS ENGLAND SOUTH EAST ,PRACTICE PLUS GROUP HOSPITAL - SOUTHAMPTON,0,0,5229,0,0,0,0,0,370,0,0,0,0,0,0,0,0,0
MSitAE-SEPTEMBER-2023,R0B,NHS ENGLAND NORTH EAST AND YORKSHIRE ,SOUTH TYNESIDE AND SUNDERLAND NHS FOUNDATION TRUST,11043,1336,5599,383,0,1151,4668,20,135,175,0,19,817,1,4283,18,0,1126
MSitAE-SEPTEMBER-2023,RAT,NHS ENGLAND LONDON,NORTH EAST LONDON NHS FOUNDATION TRUST,0,0,1470,0,0,0,0,0,57,0,0,0,0,0,0,0,0,0
MSitAE-SEPTEMBER-2023,RAX,NHS ENGLAND LONDON,KINGSTON HOSPITAL NHS FOUNDATION TRUST,6816,0,3009,0,0,0,3620,0,388,0,0,0,361,237,1797,0,148,569
MSitAE-SEPTEMBER-2023,RBD,NHS ENGLAND SOUTH WEST ,DORSET COUNTY HOSPITAL NHS FOUNDATION TRUST,4424,0,0,269,0,3645,1753,0,0,73,0,6,199,25,1573,0,0,451
MSitAE-SEPTEMBER-2023,RBS,NHS ENGLAND NORTH WEST ,ALDER HEY CHILDREN'S NHS FOUNDATION TRUST,5423,0,0,0,0,0,1220,0,0,0,0,0,0,0,793,0,0,305
MSitAE-SEPTEMBER-2023,RF4,NHS ENGLAND LONDON,"BARKING, HAVERING AND REDBRIDGE UNIVERSITY HOSPITALS NHS TRUST",11579,2361,11217,0,0,0,5642,489,2731,0,0,0,604,624,6953,0,0,419
MSitAE-SEPTEMBER-2023,RJN,NHS ENGLAND NORTH WEST ,EAST CHESHIRE NHS TRUST,4286,0,0,60,0,27,1997,0,0,0,0,0,273,238,866,0,0,176
MSitAE-SEPTEMBER-2023,RTP,NHS ENGLAND SOUTH EAST ,SURREY AND SUSSEX HEALTHCARE NHS TRUST,10084,0,0,0,0,0,2846,0,0,0,0,0,658,263,2989,0,0,818
MSitAE-SEPTEMBER-2023,RWX,NHS ENGLAND SOUTH EAST ,BERKSHIRE HEALTHCARE NHS FOUNDATION TRUST,0,0,1444,0,0,0,0,0,13,0,0,0,0,0,0,0,37,0
MSitAE-SEPTEMBER-2023,RXQ,NHS ENGLAND SOUTH EAST ,BUCKINGHAMSHIRE HEALTHCARE NHS TRUST,9604,1112,3379,0,0,0,4117,0,146,0,0,0,459,206,3707,762,0,1188
MSitAE-SEPTEMBER-2023,RY9,NHS ENGLAND LONDON,HOUNSLOW AND RICHMOND COMMUNITY HEALTHCARE NHS TRUST,0,0,5104,0,0,0,0,0,4,0,0,0,0,0,0,0,0,0
MSitAE-SEPTEMBER-2023,RYR,NHS ENGLAND SOUTH EAST ,UNIVERSITY HOSPITALS SUSSEX NHS FOUNDATION TRUST,24223,1464,2522,1296,0,586,10080,16,141,450,0,10,1555,784,7976,30,48,1355
MSitAE-SEPTEMBER-2023,AQN04,NHS ENGLAND SOUTH EAST ,PHL LYMINGTON UTC,0,0,2947,0,0,8,0,0,44,0,0,0,0,0,0,0,0,0
MSitAE-SEPTEMBER-2023,AXG,NHS ENGLAND SOUTH WEST ,WILTSHIRE HEALTH & CARE,0,0,2357,0,0,33,0,0,97,0,0,0,0,0,0,0,0,0
MSitAE-SEPTEMBER-2023,NNF09,NHS ENGLAND NORTH EAST AND YORKSHIRE ,BRANSHOLME HEALTH CENTRE,0,0,3816,0,0,0,0,0,715,0,0,0,0,0,0,0,0,0
MSitAE-SEPTEMBER-2023,NNF76,NHS ENGLAND NORTH EAST AND YORKSHIRE ,THE WILBERFORCE HEALTH CENTRE,0,0,2791,0,0,0,0,0,0,0,0,0,0,0,0,0,0,0
MSitAE-SEPTEMBER-2023,NNF94,NHS ENGLAND NORTH EAST AND YORKSHIRE ,EAST RIDING COMMUNITY HOSPITAL,0,0,2737,0,0,0,0,0,295,0,0,0,0,0,0,0,0,0
MSitAE-SEPTEMBER-2023,NNFA7,NHS ENGLAND NORTH EAST AND YORKSHIRE ,GOOLE & DISTRICT HOSPITAL,0,0,1522,0,0,0,0,0,45,0,0,0,0,0,0,0,0,0
MSitAE-SEPTEMBER-2023,NNJ,NHS ENGLAND MIDLANDS ,DHU HEALTH CARE C.I.C,0,0,1894,0,0,0,0,0,1,0,0,0,0,0,0,0,0,0
MSitAE-SEPTEMBER-2023,NR3,NHS ENGLAND MIDLANDS ,NOTTINGHAM CITYCARE PARTNERSHIP,0,0,4900,0,0,258,0,0,448,0,0,2,0,0,0,0,0,0
MSitAE-SEPTEMBER-2023,RAN,NHS ENGLAND LONDON,ROYAL NATIONAL ORTHOPAEDIC HOSPITAL NHS TRUST,0,0,0,0,0,0,0,0,0,0,0,0,0,0,0,0,0,36
MSitAE-SEPTEMBER-2023,RJZ,NHS ENGLAND LONDON,KING'S COLLEGE HOSPITAL NHS FOUNDATION TRUST,14611,0,8168,68,0,1132,7603,0,697,28,0,232,1593,544,3629,0,0,443
MSitAE-SEPTEMBER-2023,RK9,NHS ENGLAND SOUTH WEST ,UNIVERSITY HOSPITALS PLYMOUTH NHS TRUST,8721,212,4275,0,0,0,5186,0,355,0,0,0,625,547,2657,0,0,1199
MSitAE-SEPTEMBER-2023,RL4,NHS ENGLAND MIDLANDS ,THE ROYAL WOLVERHAMPTON NHS TRUST,12634,0,6007,9,0,795,4063,0,144,0,0,0,906,131,5721,0,0,786
MSitAE-SEPTEMBER-2023,RLQ,NHS ENGLAND MIDLANDS ,WYE VALLEY NHS TRUST,5725,0,0,161,0,0,2658,0,0,52,0,0,130,181,1743,0,0,549
MSitAE-SEPTEMBER-2023,RNQ,NHS ENGLAND MIDLANDS ,KETTERING GENERAL HOSPITAL NHS FOUNDATION TRUST,8955,0,0,337,0,0,4285,0,0,0,0,0,1179,0,1989,0,0,154
MSitAE-SEPTEMBER-2023,RPC,NHS ENGLAND SOUTH EAST ,QUEEN VICTORIA HOSPITAL NHS FOUNDATION TRUST,0,0,1744,0,0,0,0,0,5,0,0,0,0,0,0,0,3,516
MSitAE-SEPTEMBER-2023,RQX,NHS ENGLAND LONDON,HOMERTON HEALTHCARE NHS FOUNDATION TRUST,10404,0,0,21,0,0,2182,0,0,0,0,0,202,23,1733,0,0,241
MSitAE-SEPTEMBER-2023,RTE,NHS ENGLAND SOUTH WEST ,GLOUCESTERSHIRE HOSPITALS NHS FOUNDATION TRUST,12619,0,0,186,0,0,5247,0,0,71,0,0,648,712,2708,0,0,1457
MSitAE-SEPTEMBER-2023,RWP,NHS ENGLAND MIDLANDS ,WORCESTERSHIRE ACUTE HOSPITALS NHS TRUST,12214,0,6048,153,0,0,6451,0,45,53,0,0,908,256,3470,0,0,1156
MSitAE-SEPTEMBER-2023,RX1,NHS ENGLAND MIDLANDS ,NOTTINGHAM UNIVERSITY HOSPITALS NHS TRUST,15553,1845,308,518,0,0,9582,301,17,292,0,0,812,753,3849,0,0,3979
MSitAE-SEPTEMBER-2023,RXG,NHS ENGLAND NORTH EAST AND YORKSHIRE ,SOUTH WEST YORKSHIRE PARTNERSHIP NHS FOUNDATION TRUST,0,0,0,0,0,0,0,0,0,0,0,0,0,0,0,0,0,130
MSitAE-SEPTEMBER-2023,RYY,NHS ENGLAND SOUTH EAST ,KENT COMMUNITY HEALTH NHS FOUNDATION TRUST,0,0,9352,0,0,0,0,0,100,0,0,0,0,0,0,0,0,0
MSitAE-SEPTEMBER-2023,Y02676,NHS ENGLAND SOUTH EAST ,BRIGHTON STATION HEALTH CENTRE,0,0,1788,0,0,0,0,0,0,0,0,0,0,0,0,0,0,0
MSitAE-SEPTEMBER-2023,ARN03,NHS ENGLAND NORTH EAST AND YORKSHIRE ,LOCAL CARE DIRECT,0,0,2215,0,0,212,0,0,0,0,0,0,0,0,0,0,0,0
MSitAE-SEPTEMBER-2023,NLX,NHS ENGLAND SOUTH WEST ,SIRONA CARE & HEALTH,0,0,8441,0,0,179,0,0,898,0,0,40,0,0,0,0,0,0
MSitAE-SEPTEMBER-2023,NV693,NHS ENGLAND NORTH WEST ,ROSSENDALE MIU & OOH,0,0,1041,0,0,0,0,0,0,0,0,0,0,0,0,0,0,0
MSitAE-SEPTEMBER-2023,RBK,NHS ENGLAND MIDLANDS ,WALSALL HEALTHCARE NHS TRUST,7846,0,3730,334,0,131,3003,0,46,63,0,0,882,66,3190,0,0,699
MSitAE-SEPTEMBER-2023,RCX,NHS ENGLAND EAST OF ENGLAND ,"THE QUEEN ELIZABETH HOSPITAL, KING'S LYNN, NHS FOUNDATION TRUST",6256,0,962,91,0,0,2773,0,0,31,0,0,463,278,2235,0,0,609
MSitAE-SEPTEMBER-2023,REF,NHS ENGLAND SOUTH WEST ,ROYAL CORNWALL HOSPITALS NHS TRUST,6276,0,12207,0,0,0,3438,0,490,0,0,0,553,462,2123,0,33,1027
MSitAE-SEPTEMBER-2023,REP,NHS ENGLAND NORTH WEST ,LIVERPOOL WOMEN'S NHS FOUNDATION TRUST,0,1221,0,0,100,0,0,109,0,0,0,0,0,0,0,92,0,13
MSitAE-SEPTEMBER-2023,RGN,NHS ENGLAND EAST OF ENGLAND ,NORTH WEST ANGLIA NHS FOUNDATION TRUST,12387,0,4761,60,0,389,4996,0,561,18,0,27,482,661,2913,0,111,1254
MSitAE-SEPTEMBER-2023,RGR,NHS ENGLAND EAST OF ENGLAND ,WEST SUFFOLK NHS FOUNDATION TRUST,6862,0,549,269,0,0,3017,0,0,0,0,0,450,326,1830,0,0,550
MSitAE-SEPTEMBER-2023,RJ1,NHS ENGLAND LONDON,GUY'S AND ST THOMAS' NHS FOUNDATION TRUST,12601,781,2352,0,0,1988,4755,0,43,0,0,0,33,49,3334,0,0,874
MSitAE-SEPTEMBER-2023,RN5,NHS ENGLAND SOUTH EAST ,HAMPSHIRE HOSPITALS NHS FOUNDATION TRUST,12271,0,430,0,0,208,4642,0,2,0,0,2,985,14,3952,0,0,1145
MSitAE-SEPTEMBER-2023,RNA,NHS ENGLAND MIDLANDS ,THE DUDLEY GROUP NHS FOUNDATION TRUST,9181,0,4064,135,0,606,3530,0,60,29,0,0,1513,69,3133,0,0,1899
MSitAE-SEPTEMBER-2023,RTD,NHS ENGLAND NORTH EAST AND YORKSHIRE ,THE NEWCASTLE UPON TYNE HOSPITALS NHS FOUNDATION TRUST,11960,1482,5249,0,0,642,4560,58,0,0,0,0,452,23,3373,10,0,2710
MSitAE-SEPTEMBER-2023,RYX,NHS ENGLAND LONDON,CENTRAL LONDON COMMUNITY HEALTHCARE NHS TRUST,0,0,9671,0,0,0,0,0,248,0,0,0,0,0,0,0,0,0
MSitAE-SEPTEMBER-2023,L83087,NHS ENGLAND SOUTH WEST ,OKEHAMPTON MEDICAL CENTRE,0,0,83,0,0,0,0,0,0,0,0,0,0,0,0,0,0,0
MSitAE-SEPTEMBER-2023,NNJ07,NHS ENGLAND MIDLANDS ,LOUGHBOROUGH URGENT CARE CENTRE,0,0,4924,0,0,858,0,0,23,0,0,2,0,0,0,0,0,0
MSitAE-SEPTEMBER-2023,NNJ0H,NHS ENGLAND MIDLANDS ,LLR EA - THE MERLYN VAZ HEALTH & SOCIAL CARE CENTRE,0,0,169,0,0,1397,0,0,0,0,0,1,0,0,0,0,0,0
MSitAE-SEPTEMBER-2023,NNJ12,NHS ENGLAND MIDLANDS ,MARKET HARBOROUGH,0,0,96,0,0,327,0,0,0,0,0,0,0,0,0,0,0,0
MSitAE-SEPTEMBER-2023,NNJ13,NHS ENGLAND MIDLANDS ,MELTON MOWBRAY,0,0,43,0,0,358,0,0,0,0,0,0,0,0,0,0,0,0
MSitAE-SEPTEMBER-2023,NNJ14,NHS ENGLAND MIDLANDS ,OADBY,0,0,820,0,0,1371,0,0,0,0,0,0,0,0,0,0,0,0
MSitAE-SEPTEMBER-2023,NNJ15,NHS ENGLAND MIDLANDS ,OAKHAM,0,0,54,0,0,296,0,0,0,0,0,0,0,0,0,0,0,0
MSitAE-SEPTEMBER-2023,R1F,NHS ENGLAND SOUTH EAST ,ISLE OF WIGHT NHS TRUST,3785,0,2257,27,0,18,1875,0,0,12,0,0,366,251,1074,0,0,249
MSitAE-SEPTEMBER-2023,RA7,NHS ENGLAND SOUTH WEST ,UNIVERSITY HOSPITALS BRISTOL AND WESTON NHS FOUNDATION TRUST,14632,2175,0,0,0,0,5401,111,0,0,0,0,1040,193,4639,13,0,1416
MSitAE-SEPTEMBER-2023,RAS,NHS ENGLAND LONDON,THE HILLINGDON HOSPITALS NHS FOUNDATION TRUST,5717,0,6168,0,0,0,3432,0,145,0,0,0,726,21,1662,0,0,446
MSitAE-SEPTEMBER-2023,RCB,NHS ENGLAND NORTH EAST AND YORKSHIRE ,YORK AND SCARBOROUGH TEACHING HOSPITALS NHS FOUNDATION TRUST,9796,374,8305,0,0,400,5665,0,604,0,0,8,878,670,4131,8,0,1483
MSitAE-SEPTEMBER-2023,RCD,NHS ENGLAND NORTH EAST AND YORKSHIRE ,HARROGATE AND DISTRICT NHS FOUNDATION TRUST,4817,0,926,139,0,56,1998,0,0,54,0,0,88,1,1311,0,0,479
MSitAE-SEPTEMBER-2023,RFR,NHS ENGLAND NORTH EAST AND YORKSHIRE ,THE ROTHERHAM NHS FOUNDATION TRUST,7814,0,0,0,0,0,3017,0,0,0,0,0,412,0,2764,0,0,595
MSitAE-SEPTEMBER-2023,RHQ,NHS ENGLAND NORTH EAST AND YORKSHIRE ,SHEFFIELD TEACHING HOSPITALS NHS FOUNDATION TRUST,8856,1013,6758,355,0,874,4578,0,125,157,0,12,1087,10,3150,0,0,3076
MSitAE-SEPTEMBER-2023,RJE,NHS ENGLAND MIDLANDS ,UNIVERSITY HOSPITALS OF NORTH MIDLANDS NHS TRUST,13433,447,7710,572,0,266,6389,0,145,216,0,0,904,812,5745,0,0,2739
MSitAE-SEPTEMBER-2023,RJL,NHS ENGLAND NORTH EAST AND YORKSHIRE ,NORTHERN LINCOLNSHIRE AND GOOLE NHS FOUNDATION TRUST,14179,0,0,0,0,0,5056,0,0,0,0,0,817,625,4299,0,0,538
MSitAE-SEPTEMBER-2023,RP6,NHS ENGLAND LONDON,MOORFIELDS EYE HOSPITAL NHS FOUNDATION TRUST,0,5556,0,0,0,0,0,22,0,0,0,0,0,0,0,5,0,180
MSitAE-SEPTEMBER-2023,RQ3,NHS ENGLAND MIDLANDS ,BIRMINGHAM WOMEN'S AND CHILDREN'S NHS FOUNDATION TRUST,4513,0,0,0,0,0,652,0,0,0,0,0,0,0,928,0,0,222
MSitAE-SEPTEMBER-2023,RQM,NHS ENGLAND LONDON,CHELSEA AND WESTMINSTER HOSPITAL NHS FOUNDATION TRUST,18596,0,8505,428,0,0,5708,0,170,0,0,0,706,46,2578,0,0,379
MSitAE-SEPTEMBER-2023,RR7,NHS ENGLAND NORTH EAST AND YORKSHIRE ,GATESHEAD HEALTH NHS FOUNDATION TRUST,5550,0,3806,20,0,28,2642,0,39,10,0,0,902,50,1525,0,0,708
MSitAE-SEPTEMBER-2023,RR8,NHS ENGLAND NORTH EAST AND YORKSHIRE ,LEEDS TEACHING HOSPITALS NHS TRUST,16893,0,11152,116,0,16,7734,0,49,43,0,0,1539,479,3635,0,0,1017
MSitAE-SEPTEMBER-2023,RRK,NHS ENGLAND MIDLANDS ,UNIVERSITY HOSPITALS BIRMINGHAM NHS FOUNDATION TRUST,32022,0,1491,0,0,189,15473,0,23,0,0,0,2779,1949,10607,0,4,4542
MSitAE-SEPTEMBER-2023,RTF,NHS ENGLAND NORTH EAST AND YORKSHIRE ,NORTHUMBRIA HEALTHCARE NHS FOUNDATION TRUST,9078,0,11101,0,0,0,1690,0,12,0,0,0,16,0,5194,0,74,1167
MSitAE-SEPTEMBER-2023,RTQ,NHS ENGLAND SOUTH WEST ,GLOUCESTERSHIRE HEALTH AND CARE NHS FOUNDATION TRUST,0,0,6586,0,0,0,0,0,27,0,0,0,0,0,0,0,0,27
MSitAE-SEPTEMBER-2023,RVW,NHS ENGLAND NORTH EAST AND YORKSHIRE ,NORTH TEES AND HARTLEPOOL NHS FOUNDATION TRUST,4146,0,11345,0,0,0,1987,0,45,0,0,0,173,1,1505,0,526,2156
MSitAE-SEPTEMBER-2023,RWE,NHS ENGLAND MIDLANDS ,UNIVERSITY HOSPITALS OF LEICESTER NHS TRUST,20979,1696,0,0,0,0,9928,81,0,0,0,0,1571,946,5430,4,0,3208
MSitAE-SEPTEMBER-2023,RXP,NHS ENGLAND NORTH EAST AND YORKSHIRE ,COUNTY DURHAM AND DARLINGTON NHS FOUNDATION TRUST,12638,0,4156,0,0,5376,5788,0,0,0,0,0,1794,2,4091,0,0,683
MSitAE-SEPTEMBER-2023,RXW,NHS ENGLAND MIDLANDS ,THE SHREWSBURY AND TELFORD HOSPITAL NHS TRUST,10566,0,1841,102,0,349,6059,0,237,28,0,2,478,1026,2629,0,43,2071
MSitAE-SEPTEMBER-2023,RYG,NHS ENGLAND MIDLANDS ,COVENTRY AND WARWICKSHIRE PARTNERSHIP NHS TRUST,0,0,0,0,0,0,0,0,0,0,0,0,0,0,0,0,7,80
MSitAE-SEPTEMBER-2023,AD913,NHS ENGLAND LONDON,BECKENHAM BEACON UCC,0,0,3644,0,0,268,0,0,29,0,0,0,0,0,0,0,0,0
MSitAE-SEPTEMBER-2023,C82009,NHS ENGLAND MIDLANDS ,MARKET HARBOROUGH MED.CTR,0,0,352,0,0,0,0,0,0,0,0,0,0,0,0,0,0,0
MSitAE-SEPTEMBER-2023,NDA57,NHS ENGLAND SOUTH EAST ,HASLEMERE MINOR INJURIES UNIT,0,0,1586,0,0,11,0,0,0,0,0,0,0,0,0,0,0,0
MSitAE-SEPTEMBER-2023,R0D,NHS ENGLAND SOUTH WEST ,UNIVERSITY HOSPITALS DORSET NHS FOUNDATION TRUST,13155,0,3677,154,0,0,6534,0,0,0,0,0,43,0,4036,6,0,2067
MSitAE-SEPTEMBER-2023,RA2,NHS ENGLAND SOUTH EAST ,ROYAL SURREY COUNTY HOSPITAL NHS FOUNDATION TRUST,6364,0,0,484,0,0,2233,0,0,157,0,0,311,2,2251,0,0,954
MSitAE-SEPTEMBER-2023,RAE,NHS ENGLAND NORTH EAST AND YORKSHIRE ,BRADFORD TEACHING HOSPITALS NHS FOUNDATION TRUST,8826,0,3166,0,0,0,3060,0,0,0,0,0,902,24,2831,0,121,1536
MSitAE-SEPTEMBER-2023,RAJ,NHS ENGLAND EAST OF ENGLAND ,MID AND SOUTH ESSEX NHS FOUNDATION TRUST,30336,0,1704,863,0,92,10546,0,63,235,0,6,2707,8,8322,0,201,1258
MSitAE-SEPTEMBER-2023,RBT,NHS ENGLAND NORTH WEST ,MID CHESHIRE HOSPITALS NHS FOUNDATION TRUST,7047,0,2705,103,0,31,3837,0,24,25,0,1,700,421,2394,0,0,986
MSitAE-SEPTEMBER-2023,RC9,NHS ENGLAND EAST OF ENGLAND ,BEDFORDSHIRE HOSPITALS NHS FOUNDATION TRUST,15837,0,6601,0,0,980,5879,0,0,0,0,0,80,6,4534,0,0,2052
MSitAE-SEPTEMBER-2023,RCF,NHS ENGLAND NORTH EAST AND YORKSHIRE ,AIREDALE NHS FOUNDATION TRUST,5473,281,10,426,0,0,2546,0,0,0,0,0,253,44,1394,0,0,534
MSitAE-SEPTEMBER-2023,RCU,NHS ENGLAND NORTH EAST AND YORKSHIRE ,SHEFFIELD CHILDREN'S NHS FOUNDATION TRUST,4221,0,265,239,0,16,405,0,0,23,0,0,5,0,884,0,0,114
MSitAE-SEPTEMBER-2023,RD1,NHS ENGLAND SOUTH WEST ,ROYAL UNITED HOSPITALS BATH NHS FOUNDATION TRUST,8329,0,0,0,0,0,3270,0,0,0,0,0,548,26,2555,0,4,1407
MSitAE-SEPTEMBER-2023,RD8,NHS ENGLAND EAST OF ENGLAND ,MILTON KEYNES UNIVERSITY HOSPITAL NHS FOUNDATION TRUST,7929,0,4584,444,0,117,3645,0,83,199,0,0,700,0,1955,0,0,383
MSitAE-SEPTEMBER-2023,RDE,NHS ENGLAND EAST OF ENGLAND ,EAST SUFFOLK AND NORTH ESSEX NHS FOUNDATION TRUST,14022,0,11234,202,0,123,6256,0,204,0,0,0,902,854,4607,0,287,851
MSitAE-SEPTEMBER-2023,REM,NHS ENGLAND NORTH WEST ,LIVERPOOL UNIVERSITY HOSPITALS NHS FOUNDATION TRUST,17033,242,8766,364,0,0,7290,0,859,37,0,0,1880,1055,5253,0,0,2044
MSitAE-SEPTEMBER-2023,RFS,NHS ENGLAND MIDLANDS ,CHESTERFIELD ROYAL HOSPITAL NHS FOUNDATION TRUST,7011,0,1108,251,0,125,2369,0,153,84,0,16,433,54,2403,0,276,554
MSitAE-SEPTEMBER-2023,RGT,NHS ENGLAND EAST OF ENGLAND ,CAMBRIDGE UNIVERSITY HOSPITALS NHS FOUNDATION TRUST,9653,0,5937,595,0,303,5241,0,106,294,0,0,690,125,2972,0,24,516
MSitAE-SEPTEMBER-2023,RH8,NHS ENGLAND SOUTH WEST ,ROYAL DEVON UNIVERSITY HEALTHCARE NHS FOUNDATION TRUST,11798,0,3217,971,0,44,5771,0,33,321,0,0,1027,90,3628,0,0,2184
MSitAE-SEPTEMBER-2023,RHM,NHS ENGLAND SOUTH EAST ,UNIVERSITY HOSPITAL SOUTHAMPTON NHS FOUNDATION TRUST,11159,1325,0,220,0,0,4629,95,0,87,0,0,329,11,3295,16,0,1307
MSitAE-SEPTEMBER-2023,RJ2,NHS ENGLAND LONDON,LEWISHAM AND GREENWICH NHS TRUST,12720,0,11496,49,0,0,7212,0,1630,8,0,0,1184,415,3427,0,0,1181
MSitAE-SEPTEMBER-2023,RJ7,NHS ENGLAND LONDON,ST GEORGE'S UNIVERSITY HOSPITALS NHS FOUNDATION TRUST,8296,0,3170,794,0,0,2681,0,0,133,0,0,531,530,2474,0,0,759
MSitAE-SEPTEMBER-2023,RJR,NHS ENGLAND NORTH WEST ,COUNTESS OF CHESTER HOSPITAL NHS FOUNDATION TRUST,6346,0,649,0,0,0,3068,0,21,0,0,0,367,585,1569,0,0,1018
MSitAE-SEPTEMBER-2023,RK5,NHS ENGLAND MIDLANDS ,SHERWOOD FOREST HOSPITALS NHS FOUNDATION TRUST,10588,0,5023,12,0,107,4110,0,239,4,0,3,575,65,3259,0,0,364
MSitAE-SEPTEMBER-2023,RKB,NHS ENGLAND MIDLANDS ,UNIVERSITY HOSPITALS COVENTRY AND WARWICKSHIRE NHS TRUST,11257,1758,6568,46,0,84,5353,108,259,19,0,2,217,1,2848,75,68,1518
MSitAE-SEPTEMBER-2023,RL1,NHS ENGLAND MIDLANDS ,THE ROBERT JONES AND AGNES HUNT ORTHOPAEDIC HOSPITAL NHS FOUNDATION TRUST,0,0,0,0,0,0,0,0,0,0,0,0,0,0,0,0,0,21
MSitAE-SEPTEMBER-2023,RMP,NHS ENGLAND NORTH WEST ,TAMESIDE AND GLOSSOP INTEGRATED CARE NHS FOUNDATION TRUST,8099,0,2387,341,0,100,3688,0,0,0,0,0,302,11,2332,0,0,458
MSitAE-SEPTEMBER-2023,RN7,NHS ENGLAND SOUTH EAST ,DARTFORD AND GRAVESHAM NHS TRUST,10983,0,3471,0,0,0,3116,0,75,0,0,0,435,0,2683,0,0,347
MSitAE-SEPTEMBER-2023,RNZ,NHS ENGLAND SOUTH WEST ,SALISBURY NHS FOUNDATION TRUST,4240,298,1618,324,0,0,1638,0,0,142,0,0,397,2,1250,0,0,747
MSitAE-SEPTEMBER-2023,RTG,NHS ENGLAND MIDLANDS ,UNIVERSITY HOSPITALS OF DERBY AND BURTON NHS FOUNDATION TRUST,20069,0,9831,209,0,73,9111,0,47,83,0,8,969,354,4267,0,14,2353
MSitAE-SEPTEMBER-2023,RTK,NHS ENGLAND SOUTH EAST ,ASHFORD AND ST PETER'S HOSPITALS NHS FOUNDATION TRUST,9284,0,0,0,0,0,3714,0,0,0,0,0,719,6,2544,0,0,462
MSitAE-SEPTEMBER-2023,RVV,NHS ENGLAND SOUTH EAST ,EAST KENT HOSPITALS UNIVERSITY NHS FOUNDATION TRUST,12213,0,11590,63,0,0,6662,0,303,26,0,0,676,867,4473,0,470,1631
MSitAE-SEPTEMBER-2023,RWD,NHS ENGLAND MIDLANDS ,UNITED LINCOLNSHIRE HOSPITALS NHS TRUST,12426,0,5263,1,0,0,7501,0,736,1,0,0,1061,818,3953,0,0,952
MSitAE-SEPTEMBER-2023,RWG,NHS ENGLAND EAST OF ENGLAND ,WEST HERTFORDSHIRE TEACHING HOSPITALS NHS TRUST,7814,0,7359,0,0,788,4439,0,365,0,0,0,1276,0,3373,0,0,602
MSitAE-SEPTEMBER-2023,RWH,NHS ENGLAND EAST OF ENGLAND ,EAST AND NORTH HERTFORDSHIRE NHS TRUST,9370,0,5378,3,0,314,5157,0,1,1,0,0,240,7,2616,0,0,256
MSitAE-SEPTEMBER-2023,RWJ,NHS ENGLAND NORTH WEST ,STOCKPORT NHS FOUNDATION TRUST,8993,0,0,630,0,0,3519,0,0,186,0,0,1084,134,2732,0,0,674
MSitAE-SEPTEMBER-2023,RWW,NHS ENGLAND NORTH WEST ,WARRINGTON AND HALTON TEACHING HOSPITALS NHS FOUNDATION TRUST,7299,0,3049,208,0,80,3090,0,139,67,0,4,812,523,2320,0,0,228
MSitAE-SEPTEMBER-2023,RXC,NHS ENGLAND SOUTH EAST ,EAST SUSSEX HEALTHCARE NHS TRUST,9066,0,2624,669,0,854,3354,0,40,0,0,0,197,0,3426,0,0,557
MSitAE-SEPTEMBER-2023,Y02147,NHS ENGLAND LONDON,URGENT CARE CENTRE (QMS),0,0,7258,0,0,507,0,0,323,0,0,3,0,0,0,0,0,0
MSitAE-SEPTEMBER-2023,NDJ,NHS ENGLAND SOUTH EAST ,FIRST COMMUNITY HEALTH AND CARE CIC,0,0,2380,0,0,0,0,0,0,0,0,0,0,0,0,0,0,0
MSitAE-SEPTEMBER-2023,RAP,NHS ENGLAND LONDON,NORTH MIDDLESEX UNIVERSITY HOSPITAL NHS TRUST,8894,496,5828,177,3,216,4485,11,956,66,0,43,429,604,1560,0,0,137
MSitAE-SEPTEMBER-2023,RBN,NHS ENGLAND NORTH WEST ,MERSEY AND WEST LANCASHIRE TEACHING HOSPITALS NHS TRUST,17036,0,7584,323,0,0,7123,0,404,54,0,0,523,213,7138,0,0,615
MSitAE-SEPTEMBER-2023,RDR,NHS ENGLAND SOUTH EAST ,SUSSEX COMMUNITY NHS FOUNDATION TRUST,0,0,12186,0,0,0,0,0,206,0,0,0,0,0,0,0,0,0
MSitAE-SEPTEMBER-2023,RLT,NHS ENGLAND MIDLANDS ,GEORGE ELIOT HOSPITAL NHS TRUST,6191,0,1749,0,0,0,2135,0,33,0,0,0,701,8,929,0,0,20
MSitAE-SEPTEMBER-2023,RM1,NHS ENGLAND EAST OF ENGLAND ,NORFOLK AND NORWICH UNIVERSITY HOSPITALS NHS FOUNDATION TRUST,10468,0,8098,479,0,0,4187,0,1,142,0,0,822,298,2226,0,0,1562
MSitAE-SEPTEMBER-2023,RNN,NHS ENGLAND NORTH EAST AND YORKSHIRE ,NORTH CUMBRIA INTEGRATED CARE NHS FOUNDATION TRUST,8702,0,1863,289,0,13,3718,0,8,70,0,0,693,490,2216,0,0,737
MSitAE-SEPTEMBER-2023,RRV,NHS ENGLAND LONDON,UNIVERSITY COLLEGE LONDON HOSPITALS NHS FOUNDATION TRUST,11865,0,0,623,0,0,3684,0,0,0,0,0,304,43,1380,0,0,244
MSitAE-SEPTEMBER-2023,RTH,NHS ENGLAND SOUTH EAST ,OXFORD UNIVERSITY HOSPITALS NHS FOUNDATION TRUST,11808,1686,454,1127,0,95,5079,0,12,412,0,2,714,0,3811,107,8,4191
MSitAE-SEPTEMBER-2023,RTR,NHS ENGLAND NORTH EAST AND YORKSHIRE ,SOUTH TEES HOSPITALS NHS FOUNDATION TRUST,10102,0,5035,0,0,368,4438,0,340,0,0,11,932,18,2451,0,169,1898
MSitAE-SEPTEMBER-2023,RTX,NHS ENGLAND NORTH WEST ,UNIVERSITY HOSPITALS OF MORECAMBE BAY NHS FOUNDATION TRUST,7870,0,4359,128,0,441,3062,0,116,31,0,0,532,343,2991,0,39,780
MSitAE-SEPTEMBER-2023,RVJ,NHS ENGLAND SOUTH WEST ,NORTH BRISTOL NHS TRUST,9026,0,0,60,0,0,3226,0,0,15,0,0,692,23,2711,0,0,2015
MSitAE-SEPTEMBER-2023,RVR,NHS ENGLAND LONDON,EPSOM AND ST HELIER UNIVERSITY HOSPITALS NHS TRUST,12478,345,0,170,0,0,2938,0,0,17,0,0,408,462,1931,6,0,136
MSitAE-SEPTEMBER-2023,RY2,NHS ENGLAND NORTH WEST ,BRIDGEWATER COMMUNITY HEALTHCARE NHS FOUNDATION TRUST,0,0,3406,0,0,135,0,0,110,0,0,4,0,0,0,0,0,0
MSitAE-SEPTEMBER-2023,RYJ,NHS ENGLAND LONDON,IMPERIAL COLLEGE HEALTHCARE NHS TRUST,12612,3806,7229,0,0,0,5498,32,131,0,0,0,947,94,3344,5,0,1070
MSitAE-SEPTEMBER-2023,RA9,NHS ENGLAND SOUTH WEST ,TORBAY AND SOUTH DEVON NHS FOUNDATION TRUST,6484,0,3043,95,0,0,2961,0,29,31,0,0,667,120,1974,0,0,1141
MSitAE-SEPTEMBER-2023,RBV,NHS ENGLAND NORTH WEST ,THE CHRISTIE NHS FOUNDATION TRUST,0,0,0,0,0,0,0,0,0,0,0,0,0,0,0,0,0,608
MSitAE-SEPTEMBER-2023,RDY,NHS ENGLAND SOUTH WEST ,DORSET HEALTHCARE UNIVERSITY NHS FOUNDATION TRUST,0,0,0,0,0,0,0,0,0,0,0,0,0,0,0,0,2,3
MSitAE-SEPTEMBER-2023,RXK,NHS ENGLAND MIDLANDS ,SANDWELL AND WEST BIRMINGHAM HOSPITALS NHS TRUST,14349,1096,8293,818,0,0,7600,138,175,215,0,0,1532,86,2851,0,0,442
MSitAE-SEPTEMBER-2023,Y03218,NHS ENGLAND LONDON,THE PINN UNREGISTERED WIC,0,0,785,0,0,0,0,0,0,0,0,0,0,0,0,0,0,0
MSitAE-SEPTEMBER-2023,RAL,NHS ENGLAND LONDON,ROYAL FREE LONDON NHS FOUNDATION TRUST,15154,0,10198,0,0,0,7207,0,1089,0,0,0,1089,692,4119,0,0,562
MSitAE-SEPTEMBER-2023,R1H,NHS ENGLAND LONDON,BARTS HEALTH NHS TRUST,23968,873,16854,0,0,0,10515,22,2816,0,0,0,1459,859,5258,0,0,1068
MSitAE-SEPTEMBER-2023,RM3,NHS ENGLAND NORTH WEST ,NORTHERN CARE ALLIANCE NHS FOUNDATION TRUST,24363,0,6788,0,0,0,11266,0,235,0,0,0,1406,483,6707,0,373,1699
MSitAE-SEPTEMBER-2023,RN3,NHS ENGLAND SOUTH WEST ,GREAT WESTERN HOSPITALS NHS FOUNDATION TRUST,5054,0,4997,0,0,274,2288,0,316,0,0,13,277,210,2033,0,0,1470
MSitAE-SEPTEMBER-2023,RNS,NHS ENGLAND MIDLANDS ,NORTHAMPTON GENERAL HOSPITAL NHS TRUST,8723,622,1911,156,0,46,4127,10,25,61,0,0,281,793,1720,0,0,1275
MSitAE-SEPTEMBER-2023,RQW,NHS ENGLAND EAST OF ENGLAND ,THE PRINCESS ALEXANDRA HOSPITAL NHS TRUST,7638,0,1898,0,0,1099,4641,0,300,0,0,0,498,123,2002,0,0,338
MSitAE-SEPTEMBER-2023,RRF,NHS ENGLAND NORTH WEST ,"WRIGHTINGTON, WIGAN AND LEIGH NHS FOUNDATION TRUST",7146,0,5371,0,0,0,3746,0,35,0,0,0,1110,278,2224,0,0,828
MSitAE-SEPTEMBER-2023,Y02532,NHS ENGLAND NORTH WEST ,MIRIAM MINOR EMERGENCY,0,0,1805,0,0,0,0,0,0,0,0,0,0,0,0,0,0,0
MSitAE-SEPTEMBER-2023,DT301,NHS ENGLAND EAST OF ENGLAND ,HERTS URGENT CARE (ASCOTS LANE),0,0,2635,0,0,0,0,0,10,0,0,0,0,0,0,0,0,0
MSitAE-SEPTEMBER-2023,R0A,NHS ENGLAND NORTH WEST ,MANCHESTER UNIVERSITY NHS FOUNDATION TRUST,21447,3243,14644,1883,393,1079,9519,94,1751,647,6,255,3060,107,5576,168,359,481
MSitAE-SEPTEMBER-2023,RHW,NHS ENGLAND SOUTH EAST ,ROYAL BERKSHIRE NHS FOUNDATION TRUST,11984,2210,0,412,0,0,4417,14,0,0,0,0,463,0,2450,0,0,843
MSitAE-SEPTEMBER-2023,RKE,NHS ENGLAND LONDON,WHITTINGTON HEALTH NHS TRUST,8426,0,0,0,0,0,2860,0,0,0,0,0,411,48,978,0,0,63
MSitAE-SEPTEMBER-2023,RNU,NHS ENGLAND SOUTH EAST ,OXFORD HEALTH NHS FOUNDATION TRUST,0,0,4285,0,0,0,0,0,467,0,0,0,0,0,0,0,0,0
MSitAE-SEPTEMBER-2023,RP5,NHS ENGLAND NORTH EAST AND YORKSHIRE ,DONCASTER AND BASSETLAW TEACHING HOSPITALS NHS FOUNDATION TRUST,12734,0,3636,0,0,0,5006,0,1,0,0,0,1012,117,2963,0,421,1056
MSitAE-SEPTEMBER-2023,RXN,NHS ENGLAND NORTH WEST ,LANCASHIRE TEACHING HOSPITALS NHS FOUNDATION TRUST,11872,0,3803,205,0,89,4492,0,89,47,0,0,1126,249,2942,0,196,1350
MSitAE-SEPTEMBER-2023,RXR,NHS ENGLAND NORTH WEST ,EAST LANCASHIRE HOSPITALS NHS TRUST,11704,0,8415,0,0,0,4398,0,661,0,0,0,336,1115,2451,0,51,1677
MSitAE-SEPTEMBER-2023,R1K,NHS ENGLAND LONDON,LONDON NORTH WEST UNIVERSITY HEALTHCARE NHS TRUST,12488,0,13432,0,0,0,8321,0,268,0,0,0,738,227,5737,0,0,744
MSitAE-SEPTEMBER-2023,RBL,NHS ENGLAND NORTH WEST ,WIRRAL UNIVERSITY TEACHING HOSPITAL NHS FOUNDATION TRUST,8155,0,2764,104,0,178,4280,0,27,28,0,4,755,297,2109,0,0,1502
MSitAE-SEPTEMBER-2023,RPA,NHS ENGLAND SOUTH EAST ,MEDWAY NHS FOUNDATION TRUST,8413,0,6517,145,0,1305,2891,0,903,38,0,0,470,572,1985,0,0,1015
MSitAE-SEPTEMBER-2023,RWF,NHS ENGLAND SOUTH EAST ,MAIDSTONE AND TUNBRIDGE WELLS NHS TRUST,17977,0,2432,874,0,153,2931,0,7,45,0,0,808,47,5539,0,0,1020
MSitAE-SEPTEMBER-2023,RJ6,NHS ENGLAND LONDON,CROYDON HEALTH SERVICES NHS TRUST,12409,0,4414,1,0,0,4424,0,0,0,0,0,488,395,1352,0,0,157
MSitAE-SEPTEMBER-2023,RMC,NHS ENGLAND NORTH WEST ,BOLTON NHS FOUNDATION TRUST,9872,0,1337,107,0,19,4182,0,297,46,0,4,435,594,2140,0,73,668
MSitAE-SEPTEMBER-2023,RHU,NHS ENGLAND SOUTH EAST ,PORTSMOUTH HOSPITALS UNIVERSITY NATIONAL HEALTH SERVICE TRUST,10065,779,3515,541,0,284,5405,7,36,269,0,10,1624,82,3505,0,0,2346
MSitAE-SEPTEMBER-2023,RH5,NHS ENGLAND SOUTH WEST ,SOMERSET NHS FOUNDATION TRUST,12446,0,8891,0,0,0,5429,0,432,0,0,0,610,62,3186,0,0,1653
TOTAL,TOTAL,TOTAL,TOTAL,1344730,42135,712666,24315,496,41399,573540,1738,31930,6314,6,756,92722,33107,383225,1325,4372,133119
